"OrganizationCode","CategoryCode","AgeCategoryCode","RankingCategoryCode","TYPE","W","F","SF","QF","R16","R32","R64","R128","R256","Qual","QER","QR4","QR3","QR2","QR1","G4L","G3L","G2L","GL"
"WTT","SEN","SEN","MD","COC","500","350","175","90","45","0","0","0","0","0","0","0","0","0","0","0","0","0","0"
"WTT","SEN","SEN","MD","Con","100","70","35","20","10","0","0","0","0","0","0","0","0","0","0","0","0","0","0"
"WTT","SEN","SEN","MD","IES","75","55","25","15","5","0","0","0","0","0","0","0","0","0","0","0","0","0","0"
"WTT","SEN","SEN","MD","IMS","100","70","35","20","10","0","0","0","0","0","0","0","0","0","0","0","0","0","0"
"WTT","SEN","SEN","MD","IWC","2000","1400","900","580","380","100","10","0","0","0","0","0","0","0","0","0","0","0","0"
"WTT","SEN","SEN","MD","MSGB","30","20","10","5","2","0","0","0","0","0","0","0","0","0","0","0","0","0","0"
"WTT","SEN","SEN","MD","OG","2000","1400","900","230","10","0","0","0","0","0","0","0","0","0","0","0","0","0","0"
"WTT","SEN","SEN","MD","REG","75","55","25","15","5","0","0","0","0","0","0","0","0","0","0","0","0","0","0"
"WTT","SEN","SEN","MD","UCC","20","15","8","4","0","0","0","0","0","0","0","0","0","0","0","0","0","0","0"
"WTT","SEN","SEN","MD","WCD","400","280","180","45","4","0","0","0","0","0","0","0","0","0","0","0","0","0","0"
"WTT","SEN","SEN","MD","WGS","2000","1400","900","580","150","10","0","0","0","0","0","0","0","0","0","0","0","0","0"
"WTT","SEN","SEN","MD","WSC","600","420","270","70","5","0","0","0","0","20","0","0","0","0","3","0","0","0","0"
"WTT","SEN","SEN","MD","WSC_U19","30","20","10","5","0","0","0","0","0","0","0","0","0","0","0","0","0","0","0"
"WTT","SEN","SEN","MD","WTC","2000","1400","900","580","380","100","10","0","0","0","0","0","0","0","0","0","0","0","0"
"WTT","SEN","SEN","MD","WTF","125","90","60","15","2","0","0","0","0","0","0","0","0","0","0","0","0","0","0"
"WTT","SEN","SEN","MD","WYC_U19","50","35","22","6","2","0","0","0","0","0","0","0","0","0","0","0","0","0","0"
"WTT","SEN","SEN","MDI","COC","500","350","175","90","45","0","0","0","0","0","0","0","0","0","0","0","0","0","0"
"WTT","SEN","SEN","MDI","Con","100","70","35","20","10","0","0","0","0","0","0","0","0","0","0","0","0","0","0"
"WTT","SEN","SEN","MDI","IES","75","55","25","15","5","0","0","0","0","0","0","0","0","0","0","0","0","0","0"
"WTT","SEN","SEN","MDI","IMS","100","70","35","20","10","0","0","0","0","0","0","0","0","0","0","0","0","0","0"
"WTT","SEN","SEN","MDI","IWC","2000","1400","900","580","380","100","10","0","0","0","0","0","0","0","0","0","0","0","0"
"WTT","SEN","SEN","MDI","MSGB","30","20","10","5","2","0","0","0","0","0","0","0","0","0","0","0","0","0","0"
"WTT","SEN","SEN","MDI","OG","2000","1400","900","230","10","0","0","0","0","0","0","0","0","0","0","0","0","0","0"
"WTT","SEN","SEN","MDI","REG","75","55","25","15","5","0","0","0","0","0","0","0","0","0","0","0","0","0","0"
"WTT","SEN","SEN","MDI","UCC","20","15","8","4","0","0","0","0","0","0","0","0","0","0","0","0","0","0","0"
"WTT","SEN","SEN","MDI","WCD","400","280","180","45","4","0","0","0","0","0","0","0","0","0","0","0","0","0","0"
"WTT","SEN","SEN","MDI","WGS","2000","1400","900","580","150","10","0","0","0","0","0","0","0","0","0","0","0","0","0"
"WTT","SEN","SEN","MDI","WSC","600","420","270","70","5","0","0","0","0","20","0","0","0","0","3","0","0","0","0"
"WTT","SEN","SEN","MDI","WSC_U19","30","20","10","5","0","0","0","0","0","0","0","0","0","0","0","0","0","0","0"
"WTT","SEN","SEN","MDI","WTC","2000","1400","900","580","380","100","10","0","0","0","0","0","0","0","0","0","0","0","0"
"WTT","SEN","SEN","MDI","WTF","125","90","60","15","2","0","0","0","0","0","0","0","0","0","0","0","0","0","0"
"WTT","SEN","SEN","MDI","WYC_U19","50","35","22","6","2","0","0","0","0","0","0","0","0","0","0","0","0","0","0"
"WTT","SEN","SEN","MS","CCP","500","350","175","90","10","0","0","0","0","0","0","0","0","0","0","0","0","0","0"
"WTT","SEN","SEN","MS","COC","500","350","175","90","45","0","0","0","0","0","0","0","0","0","0","0","0","0","0"
"WTT","SEN","SEN","MS","Con","100","70","35","20","10","0","0","0","0","0","0","0","0","0","0","0","0","0","0"
"WTT","SEN","SEN","MS","IES","75","55","25","15","5","0","0","0","0","0","0","0","0","0","0","0","0","0","0"
"WTT","SEN","SEN","MS","IMS","100","70","35","20","10","0","0","0","0","0","0","0","0","0","0","0","0","0","0"
"WTT","SEN","SEN","MS","IWC","2000","1400","900","580","380","250","70","10","0","0","0","0","0","0","0","0","0","0","0"
"WTT","SEN","SEN","MS","MSGB","30","20","10","5","2","0","0","0","0","0","0","0","0","0","0","0","0","0","0"
"WTT","SEN","SEN","MS","OG","2000","1400","900","580","380","100","20","0","0","0","0","0","0","0","0","0","0","0","0"
"WTT","SEN","SEN","MS","REG","75","55","25","15","5","0","0","0","0","0","0","0","0","0","0","0","0","0","0"
"WTT","SEN","SEN","MS","SWC","1500","1050","680","450","300","0","0","0","0","0","0","0","0","0","0","0","0","0","0"
"WTT","SEN","SEN","MS","UCC","20","15","8","4","2","0","0","0","0","0","0","0","0","0","0","0","0","0","0"
"WTT","SEN","SEN","MS","WCDGP","400","280","180","120","30","4","0","0","0","15","15","12","7","4","2","12","7","4","2"
"WTT","SEN","SEN","MS","WCDQ128","400","280","180","120","30","4","0","0","0","15","15","12","7","4","2","12","7","4","2"
"WTT","SEN","SEN","MS","WCDQ64","400","280","180","120","30","4","0","0","0","15","0","0","10","6","2","0","10","6","2"
"WTT","SEN","SEN","MS","WCDQ96","400","280","180","120","30","4","0","0","0","15","15","12","7","4","2","12","7","4","2"
"WTT","SEN","SEN","MS","WCF","1500","1050","680","450","100","0","0","0","0","0","0","0","0","0","0","0","0","0","0"
"WTT","SEN","SEN","MS","WCH","1000","700","450","300","140","15","0","0","0","0","0","0","0","0","0","0","0","0","0"
"WTT","SEN","SEN","MS","WGSQ16","2000","1400","900","580","380","100","20","0","0","50","0","0","0","10","0","0","0","10","0"
"WTT","SEN","SEN","MS","WGSQ24","2000","1400","900","580","380","100","20","0","0","50","0","0","30","10","0","0","30","10","0"
"WTT","SEN","SEN","MS","WGSQ32","2000","1400","900","580","380","100","20","0","0","50","0","0","30","10","0","0","0","0","0"
"WTT","SEN","SEN","MS","WGSQ48","2000","1400","900","580","380","100","20","0","0","50","0","45","20","10","0","45","20","10","0"
"WTT","SEN","SEN","MS","WGSQ64","2000","1400","900","580","380","100","20","0","0","50","0","45","20","10","0","45","20","10","0"
"WTT","SEN","SEN","MS","WSC_U19","30","20","12","8","2","0","0","0","0","0","0","0","0","0","0","0","0","0","0"
"WTT","SEN","SEN","MS","WSCQ64","600","420","270","175","115","30","5","0","0","20","0","0","12","8","3","0","12","8","3"
"WTT","SEN","SEN","MS","WSCQ96","600","420","270","175","115","30","5","0","0","20","0","15","10","6","3","15","10","6","3"
"WTT","SEN","SEN","MS","WTC","2000","1400","900","580","380","250","70","10","0","0","0","0","0","0","0","0","0","0","0"
"WTT","SEN","SEN","MS","WTFMD32","125","90","60","40","10","2","0","0","0","8","8","6","3","2","1","6","3","2","1"
"WTT","SEN","SEN","MS","WTFMD48","125","90","60","40","25","8","2","0","0","8","8","6","3","2","1","6","3","2","1"
"WTT","SEN","SEN","MS","WYC_U19","50","35","22","15","4","2","0","0","0","0","0","0","0","0","0","0","0","0","0"
"WTT","SEN","SEN","MS","YGS_U19","50","35","22","15","10","0","0","0","0","0","0","0","0","0","0","0","0","0","0"
"WTT","SEN","SEN","WD","COC","500","350","175","90","45","0","0","0","0","0","0","0","0","0","0","0","0","0","0"
"WTT","SEN","SEN","WD","Con","100","70","35","20","10","0","0","0","0","0","0","0","0","0","0","0","0","0","0"
"WTT","SEN","SEN","WD","IES","75","55","25","15","5","0","0","0","0","0","0","0","0","0","0","0","0","0","0"
"WTT","SEN","SEN","WD","IMS","100","70","35","20","10","0","0","0","0","0","0","0","0","0","0","0","0","0","0"
"WTT","SEN","SEN","WD","IWC","2000","1400","900","580","380","100","10","0","0","0","0","0","0","0","0","0","0","0","0"
"WTT","SEN","SEN","WD","MSGB","30","20","10","5","2","0","0","0","0","0","0","0","0","0","0","0","0","0","0"
"WTT","SEN","SEN","WD","OG","2000","1400","900","230","10","0","0","0","0","0","0","0","0","0","0","0","0","0","0"
"WTT","SEN","SEN","WD","REG","75","55","25","15","5","0","0","0","0","0","0","0","0","0","0","0","0","0","0"
"WTT","SEN","SEN","WD","UCC","20","15","8","4","0","0","0","0","0","0","0","0","0","0","0","0","0","0","0"
"WTT","SEN","SEN","WD","WCD","400","280","180","45","4","0","0","0","0","0","0","0","0","0","0","0","0","0","0"
"WTT","SEN","SEN","WD","WGS","2000","1400","900","580","150","10","0","0","0","0","0","0","0","0","0","0","0","0","0"
"WTT","SEN","SEN","WD","WSC","600","420","270","70","5","0","0","0","0","20","0","0","0","0","3","0","0","0","0"
"WTT","SEN","SEN","WD","WSC_U19","30","20","10","5","0","0","0","0","0","0","0","0","0","0","0","0","0","0","0"
"WTT","SEN","SEN","WD","WTC","2000","1400","900","580","380","100","10","0","0","0","0","0","0","0","0","0","0","0","0"
"WTT","SEN","SEN","WD","WTF","125","90","60","15","2","0","0","0","0","0","0","0","0","0","0","0","0","0","0"
"WTT","SEN","SEN","WD","WYC_U19","50","35","22","6","2","0","0","0","0","0","0","0","0","0","0","0","0","0","0"
"WTT","SEN","SEN","WDI","COC","500","350","175","90","45","0","0","0","0","0","0","0","0","0","0","0","0","0","0"
"WTT","SEN","SEN","WDI","Con","100","70","35","20","10","0","0","0","0","0","0","0","0","0","0","0","0","0","0"
"WTT","SEN","SEN","WDI","IES","75","55","25","15","5","0","0","0","0","0","0","0","0","0","0","0","0","0","0"
"WTT","SEN","SEN","WDI","IMS","100","70","35","20","10","0","0","0","0","0","0","0","0","0","0","0","0","0","0"
"WTT","SEN","SEN","WDI","IWC","2000","1400","900","580","380","100","10","0","0","0","0","0","0","0","0","0","0","0","0"
"WTT","SEN","SEN","WDI","MSGB","30","20","10","5","2","0","0","0","0","0","0","0","0","0","0","0","0","0","0"
"WTT","SEN","SEN","WDI","OG","2000","1400","900","230","10","0","0","0","0","0","0","0","0","0","0","0","0","0","0"
"WTT","SEN","SEN","WDI","REG","75","55","25","15","5","0","0","0","0","0","0","0","0","0","0","0","0","0","0"
"WTT","SEN","SEN","WDI","UCC","20","15","8","4","0","0","0","0","0","0","0","0","0","0","0","0","0","0","0"
"WTT","SEN","SEN","WDI","WCD","400","280","180","45","4","0","0","0","0","0","0","0","0","0","0","0","0","0","0"
"WTT","SEN","SEN","WDI","WGS","2000","1400","900","580","150","10","0","0","0","0","0","0","0","0","0","0","0","0","0"
"WTT","SEN","SEN","WDI","WSC","600","420","270","70","5","0","0","0","0","20","0","0","0","0","3","0","0","0","0"
"WTT","SEN","SEN","WDI","WSC_U19","30","20","10","5","0","0","0","0","0","0","0","0","0","0","0","0","0","0","0"
"WTT","SEN","SEN","WDI","WTC","2000","1400","900","580","380","100","10","0","0","0","0","0","0","0","0","0","0","0","0"
"WTT","SEN","SEN","WDI","WTF","125","90","60","15","2","0","0","0","0","0","0","0","0","0","0","0","0","0","0"
"WTT","SEN","SEN","WDI","WYC_U19","50","35","22","6","2","0","0","0","0","0","0","0","0","0","0","0","0","0","0"
"WTT","SEN","SEN","WS","CCP","500","350","175","90","10","0","0","0","0","0","0","0","0","0","0","0","0","0","0"
"WTT","SEN","SEN","WS","COC","500","350","175","90","45","0","0","0","0","0","0","0","0","0","0","0","0","0","0"
"WTT","SEN","SEN","WS","Con","100","70","35","20","10","0","0","0","0","0","0","0","0","0","0","0","0","0","0"
"WTT","SEN","SEN","WS","IES","75","55","25","15","5","0","0","0","0","0","0","0","0","0","0","0","0","0","0"
"WTT","SEN","SEN","WS","IMS","100","70","35","20","10","0","0","0","0","0","0","0","0","0","0","0","0","0","0"
"WTT","SEN","SEN","WS","IWC","2000","1400","900","580","380","250","70","10","0","0","0","0","0","0","0","0","0","0","0"
"WTT","SEN","SEN","WS","MSGB","30","20","10","5","2","0","0","0","0","0","0","0","0","0","0","0","0","0","0"
"WTT","SEN","SEN","WS","OG","2000","1400","900","580","380","100","20","0","0","0","0","0","0","0","0","0","0","0","0"
"WTT","SEN","SEN","WS","REG","75","55","25","15","5","0","0","0","0","0","0","0","0","0","0","0","0","0","0"
"WTT","SEN","SEN","WS","SWC","1500","1050","680","450","300","0","0","0","0","0","0","0","0","0","0","0","0","0","0"
"WTT","SEN","SEN","WS","UCC","20","15","8","4","2","0","0","0","0","0","0","0","0","0","0","0","0","0","0"
"WTT","SEN","SEN","WS","WCDGP","400","280","180","120","30","4","0","0","0","15","15","12","7","4","2","12","7","4","2"
"WTT","SEN","SEN","WS","WCDQ128","400","280","180","120","30","4","0","0","0","15","15","12","7","4","2","12","7","4","2"
"WTT","SEN","SEN","WS","WCDQ64","400","280","180","120","30","4","0","0","0","15","0","0","10","6","2","0","10","6","2"
"WTT","SEN","SEN","WS","WCDQ96","400","280","180","120","30","4","0","0","0","15","15","12","7","4","2","12","7","4","2"
"WTT","SEN","SEN","WS","WCF","1500","1050","680","450","100","0","0","0","0","0","0","0","0","0","0","0","0","0","0"
"WTT","SEN","SEN","WS","WCH","1000","700","450","300","140","15","0","0","0","0","0","0","0","0","0","0","0","0","0"
"WTT","SEN","SEN","WS","WGSQ16","2000","1400","900","580","380","100","20","0","0","50","0","0","0","10","0","0","0","10","0"
"WTT","SEN","SEN","WS","WGSQ24","2000","1400","900","580","380","100","20","0","0","50","0","0","30","10","0","0","30","10","0"
"WTT","SEN","SEN","WS","WGSQ32","2000","1400","900","580","380","100","20","0","0","50","0","0","30","10","0","0","30","10","0"
"WTT","SEN","SEN","WS","WGSQ48","2000","1400","900","580","380","100","20","0","0","50","0","45","20","10","0","45","20","10","0"
"WTT","SEN","SEN","WS","WGSQ64","2000","1400","900","580","380","100","20","0","0","50","0","45","20","10","0","45","20","10","0"
"WTT","SEN","SEN","WS","WSC_U19","30","20","12","8","2","0","0","0","0","0","0","0","0","0","0","0","0","0","0"
"WTT","SEN","SEN","WS","WSCQ64","600","420","270","175","115","30","5","0","0","20","0","0","12","8","3","0","12","8","3"
"WTT","SEN","SEN","WS","WSCQ96","600","420","270","175","115","30","5","0","0","20","0","15","10","6","3","15","10","6","3"
"WTT","SEN","SEN","WS","WTC","2000","1400","900","580","380","250","70","10","0","0","0","0","0","0","0","0","0","0","0"
"WTT","SEN","SEN","WS","WTFMD32","125","90","60","40","10","2","0","0","0","8","8","6","3","2","1","6","3","2","1"
"WTT","SEN","SEN","WS","WTFMD48","125","90","60","40","25","8","2","0","0","8","8","6","3","2","1","6","3","2","1"
"WTT","SEN","SEN","WS","WYC_U19","50","35","22","15","4","2","0","0","0","0","0","0","0","0","0","0","0","0","0"
"WTT","SEN","SEN","WS","YGS_U19","50","35","22","15","10","0","0","0","0","0","0","0","0","0","0","0","0","0","0"
"WTT","SEN","SEN","XD","COC","500","350","175","90","45","0","0","0","0","0","0","0","0","0","0","0","0","0","0"
"WTT","SEN","SEN","XD","Con","100","70","35","20","10","0","0","0","0","0","0","0","0","0","0","0","0","0","0"
"WTT","SEN","SEN","XD","IES","75","55","25","15","5","0","0","0","0","0","0","0","0","0","0","0","0","0","0"
"WTT","SEN","SEN","XD","IMS","100","70","35","20","10","0","0","0","0","0","0","0","0","0","0","0","0","0","0"
"WTT","SEN","SEN","XD","IWC","2000","1400","900","580","380","100","10","0","0","0","0","0","0","0","0","0","0","0","0"
"WTT","SEN","SEN","XD","MSGB","30","20","10","5","2","0","0","0","0","0","0","0","0","0","0","0","0","0","0"
"WTT","SEN","SEN","XD","OG","2000","1400","900","230","10","0","0","0","0","0","0","0","0","0","0","0","0","0","0"
"WTT","SEN","SEN","XD","REG","75","55","25","15","5","0","0","0","0","0","0","0","0","0","0","0","0","0","0"
"WTT","SEN","SEN","XD","UCC","20","15","8","4","0","0","0","0","0","0","0","0","0","0","0","0","0","0","0"
"WTT","SEN","SEN","XD","WCD","400","280","180","45","4","0","0","0","0","15","0","0","0","0","2","0","0","0","2"
"WTT","SEN","SEN","XD","WCF","1500","1050","270","20","0","0","0","0","0","0","0","0","0","0","0","0","0","0","0"
"WTT","SEN","SEN","XD","WGS","2000","1400","900","580","150","10","0","0","0","0","0","0","0","0","0","0","0","0","0"
"WTT","SEN","SEN","XD","WSC","600","420","270","70","5","0","0","0","0","20","0","0","0","0","3","0","0","0","0"
"WTT","SEN","SEN","XD","WSC_U19","30","20","10","5","0","0","0","0","0","0","0","0","0","0","0","0","0","0","0"
"WTT","SEN","SEN","XD","WTC","2000","1400","900","580","380","100","10","0","0","0","0","0","0","0","0","0","0","0","0"
"WTT","SEN","SEN","XD","WTF","125","90","60","15","2","0","0","0","0","0","0","0","0","0","0","0","0","0","0"
"WTT","SEN","SEN","XD","WYC_U19","50","35","22","6","2","0","0","0","0","0","0","0","0","0","0","0","0","0","0"
"WTT","SEN","SEN","XDI","COC","500","350","175","90","45","0","0","0","0","0","0","0","0","0","0","0","0","0","0"
"WTT","SEN","SEN","XDI","Con","100","70","35","20","10","0","0","0","0","0","0","0","0","0","0","0","0","0","0"
"WTT","SEN","SEN","XDI","IES","75","55","25","15","5","0","0","0","0","0","0","0","0","0","0","0","0","0","0"
"WTT","SEN","SEN","XDI","IMS","100","70","35","20","10","0","0","0","0","0","0","0","0","0","0","0","0","0","0"
"WTT","SEN","SEN","XDI","IWC","2000","1400","900","580","380","100","10","0","0","0","0","0","0","0","0","0","0","0","0"
"WTT","SEN","SEN","XDI","MSGB","30","20","10","5","2","0","0","0","0","0","0","0","0","0","0","0","0","0","0"
"WTT","SEN","SEN","XDI","OG","2000","1400","900","230","10","0","0","0","0","0","0","0","0","0","0","0","0","0","0"
"WTT","SEN","SEN","XDI","REG","75","55","25","15","5","0","0","0","0","0","0","0","0","0","0","0","0","0","0"
"WTT","SEN","SEN","XDI","UCC","20","15","8","4","0","0","0","0","0","0","0","0","0","0","0","0","0","0","0"
"WTT","SEN","SEN","XDI","WCD","400","280","180","45","4","0","0","0","0","15","0","0","0","0","2","0","0","0","2"
"WTT","SEN","SEN","XDI","WCF","1500","1050","270","20","0","0","0","0","0","0","0","0","0","0","0","0","0","0","0"
"WTT","SEN","SEN","XDI","WGS","2000","1400","900","580","150","10","0","0","0","0","0","0","0","0","0","0","0","0","0"
"WTT","SEN","SEN","XDI","WSC","600","420","270","70","5","0","0","0","0","20","0","0","0","0","3","0","0","0","0"
"WTT","SEN","SEN","XDI","WSC_U19","30","20","10","5","0","0","0","0","0","0","0","0","0","0","0","0","0","0","0"
"WTT","SEN","SEN","XDI","WTC","2000","1400","900","580","380","100","10","0","0","0","0","0","0","0","0","0","0","0","0"
"WTT","SEN","SEN","XDI","WTF","125","90","60","15","2","0","0","0","0","0","0","0","0","0","0","0","0","0","0"
"WTT","SEN","SEN","XDI","WYC_U19","50","35","22","6","2","0","0","0","0","0","0","0","0","0","0","0","0","0","0"
"WTT","YOU","U11","MS","WCDQF","32","16","8","4","0","0","0","0","0","0","0","0","0","0","0","0","3","2","1"
"WTT","YOU","U11","MS","WCDR128","32","24","18","14","10","8","6","4","0","0","0","0","0","0","0","0","3","2","1"
"WTT","YOU","U11","MS","WCDR16","32","19","12","7","4","0","0","0","0","0","0","0","0","0","0","0","3","2","1"
"WTT","YOU","U11","MS","WCDR32","32","21","14","9","6","4","0","0","0","0","0","0","0","0","0","0","3","2","1"
"WTT","YOU","U11","MS","WCDR64","32","22","16","11","8","5","4","0","0","0","0","0","0","0","0","0","3","2","1"
"WTT","YOU","U11","MS","WCDSF","85","25","8","0","0","0","0","0","0","0","0","0","0","0","0","0","3","2","1"
"WTT","YOU","U11","WS","WCDQF","85","35","14","6","0","0","0","0","0","0","0","0","0","0","0","0","3","2","1"
"WTT","YOU","U11","WS","WCDR128","32","16","8","4","0","0","0","0","0","0","0","0","0","0","0","0","3","2","1"
"WTT","YOU","U11","WS","WCDR16","32","24","18","14","10","8","6","4","0","0","0","0","0","0","0","0","3","2","1"
"WTT","YOU","U11","WS","WCDR32","32","19","12","7","4","0","0","0","0","0","0","0","0","0","0","0","3","2","1"
"WTT","YOU","U11","WS","WCDR64","32","21","14","9","6","4","0","0","0","0","0","0","0","0","0","0","3","2","1"
"WTT","YOU","U11","WS","WCDSF","32","22","16","11","8","5","4","0","0","0","0","0","0","0","0","0","3","2","1"
"WTT","YOU","U13","MS","WCDQF","85","35","14","6","0","0","0","0","0","0","0","0","0","0","0","0","4","3","2"
"WTT","YOU","U13","MS","WCDR128","85","65","50","35","25","20","15","12","0","0","0","0","0","0","0","0","4","3","2"
"WTT","YOU","U13","MS","WCDR16","85","45","20","10","6","0","0","0","0","0","0","0","0","0","0","0","4","3","2"
"WTT","YOU","U13","MS","WCDR32","85","50","30","20","10","6","0","0","0","0","0","0","0","0","0","0","4","3","2"
"WTT","YOU","U13","MS","WCDR64","85","60","40","30","20","15","10","0","0","0","0","0","0","0","0","0","4","3","2"
"WTT","YOU","U13","MS","WCDSF","85","25","8","0","0","0","0","0","0","0","0","0","0","0","0","0","4","3","2"
"WTT","YOU","U13","WS","WCDQF","85","35","14","6","0","0","0","0","0","0","0","0","0","0","0","0","4","3","2"
"WTT","YOU","U13","WS","WCDR128","85","65","50","35","25","20","15","12","0","0","0","0","0","0","0","0","4","3","2"
"WTT","YOU","U13","WS","WCDR16","85","45","20","10","6","0","0","0","0","0","0","0","0","0","0","0","4","3","2"
"WTT","YOU","U13","WS","WCDR32","85","50","30","20","10","6","0","0","0","0","0","0","0","0","0","0","4","3","2"
"WTT","YOU","U13","WS","WCDR64","85","60","40","30","20","15","10","0","0","0","0","0","0","0","0","0","4","3","2"
"WTT","YOU","U13","WS","WCDSF","85","25","8","0","0","0","0","0","0","0","0","0","0","0","0","0","4","3","2"
"WTT","YOU","U15","MD","COC","100","70","36","18","8","0","0","0","0","0","0","0","0","0","0","0","0","0","0"
"WTT","YOU","U15","MD","WCC","100","70","36","18","8","0","0","0","0","0","0","0","0","0","0","0","0","0","0"
"WTT","YOU","U15","MD","WCDQF","150","60","25","8","0","0","0","0","0","0","0","0","0","0","0","0","0","0","0"
"WTT","YOU","U15","MD","WCDR128","150","115","85","65","45","35","25","8","0","0","0","0","0","0","0","0","0","0","0"
"WTT","YOU","U15","MD","WCDR16","150","75","40","20","8","0","0","0","0","0","0","0","0","0","0","0","0","0","0"
"WTT","YOU","U15","MD","WCDR32","150","90","55","30","20","8","0","0","0","0","0","0","0","0","0","0","0","0","0"
"WTT","YOU","U15","MD","WCDR64","150","105","75","50","35","25","8","0","0","0","0","0","0","0","0","0","0","0","0"
"WTT","YOU","U15","MD","WCDSF","150","45","8","0","0","0","0","0","0","0","0","0","0","0","0","0","0","0","0"
"WTT","YOU","U15","MD","WSC","360","250","150","90","20","0","0","0","0","0","0","0","0","0","0","0","0","0","0"
"WTT","YOU","U15","MD","WYC","625","440","240","130","15","0","0","0","0","0","0","0","0","0","0","0","0","0","0"
"WTT","YOU","U15","MDI","COC","100","70","36","18","8","0","0","0","0","0","0","0","0","0","0","0","0","0","0"
"WTT","YOU","U15","MDI","WCC","100","70","36","18","8","0","0","0","0","0","0","0","0","0","0","0","0","0","0"
"WTT","YOU","U15","MDI","WCDQF","150","60","25","8","0","0","0","0","0","0","0","0","0","0","0","0","0","0","0"
"WTT","YOU","U15","MDI","WCDR128","150","115","85","65","45","35","25","8","0","0","0","0","0","0","0","0","0","0","0"
"WTT","YOU","U15","MDI","WCDR16","150","75","40","20","8","0","0","0","0","0","0","0","0","0","0","0","0","0","0"
"WTT","YOU","U15","MDI","WCDR32","150","90","55","30","20","8","0","0","0","0","0","0","0","0","0","0","0","0","0"
"WTT","YOU","U15","MDI","WCDR64","150","105","75","50","35","25","8","0","0","0","0","0","0","0","0","0","0","0","0"
"WTT","YOU","U15","MDI","WCDSF","150","45","8","0","0","0","0","0","0","0","0","0","0","0","0","0","0","0","0"
"WTT","YOU","U15","MDI","WSC","360","250","150","90","20","0","0","0","0","0","0","0","0","0","0","0","0","0","0"
"WTT","YOU","U15","MDI","WYC","625","440","240","130","15","0","0","0","0","0","0","0","0","0","0","0","0","0","0"
"WTT","YOU","U15","MS","COC","100","70","36","18","8","0","0","0","0","0","0","0","0","0","0","0","0","0","0"
"WTT","YOU","U15","MS","IES","20","14","8","6","4","0","0","0","0","0","0","0","0","0","0","0","0","0","0"
"WTT","YOU","U15","MS","WCC","100","70","36","18","8","0","0","0","0","0","0","0","0","0","0","0","0","0","0"
"WTT","YOU","U15","MS","WCDQF","150","60","25","10","0","0","0","0","0","0","0","0","0","0","0","0","9","6","3"
"WTT","YOU","U15","MS","WCDR128","150","115","85","65","45","35","25","20","0","0","0","0","0","0","0","0","9","6","3"
"WTT","YOU","U15","MS","WCDR16","150","75","40","20","10","0","0","0","0","0","0","0","0","0","0","0","9","6","3"
"WTT","YOU","U15","MS","WCDR32","150","90","55","30","20","12","0","0","0","0","0","0","0","0","0","0","9","6","3"
"WTT","YOU","U15","MS","WCDR64","150","105","75","50","35","25","18","0","0","0","0","0","0","0","0","0","9","6","3"
"WTT","YOU","U15","MS","WCDSF","150","45","14","0","0","0","0","0","0","0","0","0","0","0","0","0","9","6","3"
"WTT","YOU","U15","MS","WSC","360","250","150","90","55","0","0","0","0","0","0","0","0","0","0","0","0","10","4"
"WTT","YOU","U15","MS","WYC","625","440","240","130","75","15","0","0","0","0","0","0","0","0","0","0","0","0","0"
"WTT","YOU","U15","MS","YGS","625","440","240","130","75","0","0","0","0","0","0","0","0","0","0","0","0","12","5"
"WTT","YOU","U15","MS","YIES","20","14","8","6","4","0","0","0","0","0","0","0","0","0","0","0","0","0","0"
"WTT","YOU","U15","WD","COC","100","70","36","18","8","0","0","0","0","0","0","0","0","0","0","0","0","0","0"
"WTT","YOU","U15","WD","WCC","100","70","36","18","8","0","0","0","0","0","0","0","0","0","0","0","0","0","0"
"WTT","YOU","U15","WD","WCDQF","150","60","25","8","0","0","0","0","0","0","0","0","0","0","0","0","0","0","0"
"WTT","YOU","U15","WD","WCDR128","150","115","85","65","45","35","25","8","0","0","0","0","0","0","0","0","0","0","0"
"WTT","YOU","U15","WD","WCDR16","150","75","40","20","8","0","0","0","0","0","0","0","0","0","0","0","0","0","0"
"WTT","YOU","U15","WD","WCDR32","150","90","55","30","20","8","0","0","0","0","0","0","0","0","0","0","0","0","0"
"WTT","YOU","U15","WD","WCDR64","150","105","75","50","35","25","8","0","0","0","0","0","0","0","0","0","0","0","0"
"WTT","YOU","U15","WD","WCDSF","150","45","8","0","0","0","0","0","0","0","0","0","0","0","0","0","0","0","0"
"WTT","YOU","U15","WD","WSC","360","250","150","90","20","0","0","0","0","0","0","0","0","0","0","0","0","0","0"
"WTT","YOU","U15","WD","WYC","625","440","240","130","15","0","0","0","0","0","0","0","0","0","0","0","0","0","0"
"WTT","YOU","U15","WDI","COC","100","70","36","18","8","0","0","0","0","0","0","0","0","0","0","0","0","0","0"
"WTT","YOU","U15","WDI","WCC","100","70","36","18","8","0","0","0","0","0","0","0","0","0","0","0","0","0","0"
"WTT","YOU","U15","WDI","WCDQF","150","60","25","8","0","0","0","0","0","0","0","0","0","0","0","0","0","0","0"
"WTT","YOU","U15","WDI","WCDR128","150","115","85","65","45","35","25","8","0","0","0","0","0","0","0","0","0","0","0"
"WTT","YOU","U15","WDI","WCDR16","150","75","40","20","8","0","0","0","0","0","0","0","0","0","0","0","0","0","0"
"WTT","YOU","U15","WDI","WCDR32","150","90","55","30","20","8","0","0","0","0","0","0","0","0","0","0","0","0","0"
"WTT","YOU","U15","WDI","WCDR64","150","105","75","50","35","25","8","0","0","0","0","0","0","0","0","0","0","0","0"
"WTT","YOU","U15","WDI","WCDSF","150","45","8","0","0","0","0","0","0","0","0","0","0","0","0","0","0","0","0"
"WTT","YOU","U15","WDI","WSC","360","250","150","90","20","0","0","0","0","0","0","0","0","0","0","0","0","0","0"
"WTT","YOU","U15","WDI","WYC","625","440","240","130","15","0","0","0","0","0","0","0","0","0","0","0","0","0","0"
"WTT","YOU","U15","WS","COC","100","70","36","18","8","0","0","0","0","0","0","0","0","0","0","0","0","0","0"
"WTT","YOU","U15","WS","IES","20","14","8","6","4","0","0","0","0","0","0","0","0","0","0","0","0","0","0"
"WTT","YOU","U15","WS","WCC","100","70","36","18","8","0","0","0","0","0","0","0","0","0","0","0","0","0","0"
"WTT","YOU","U15","WS","WCDQF","150","60","25","10","0","0","0","0","0","0","0","0","0","0","0","0","9","6","3"
"WTT","YOU","U15","WS","WCDR128","150","115","85","65","45","35","25","20","0","0","0","0","0","0","0","0","9","6","3"
"WTT","YOU","U15","WS","WCDR16","150","75","40","20","10","0","0","0","0","0","0","0","0","0","0","0","9","6","3"
"WTT","YOU","U15","WS","WCDR32","150","90","55","30","20","12","0","0","0","0","0","0","0","0","0","0","9","6","3"
"WTT","YOU","U15","WS","WCDR64","150","105","75","50","35","25","18","0","0","0","0","0","0","0","0","0","9","6","3"
"WTT","YOU","U15","WS","WCDSF","150","45","14","0","0","0","0","0","0","0","0","0","0","0","0","0","9","6","3"
"WTT","YOU","U15","WS","WSC","360","250","150","90","55","0","0","0","0","0","0","0","0","0","0","0","0","10","4"
"WTT","YOU","U15","WS","WYC","625","440","240","130","75","15","0","0","0","0","0","0","0","0","0","0","0","0","0"
"WTT","YOU","U15","WS","YGS","625","440","240","130","75","0","0","0","0","0","0","0","0","0","0","0","0","12","5"
"WTT","YOU","U15","WS","YIES","20","14","8","6","4","0","0","0","0","0","0","0","0","0","0","0","0","0","0"
"WTT","YOU","U15","XD","COC","100","70","36","18","8","0","0","0","0","0","0","0","0","0","0","0","0","0","0"
"WTT","YOU","U15","XD","WCC","100","70","36","18","8","0","0","0","0","0","0","0","0","0","0","0","0","0","0"
"WTT","YOU","U15","XD","WCDQF","150","60","25","8","0","0","0","0","0","0","0","0","0","0","0","0","0","0","0"
"WTT","YOU","U15","XD","WCDR128","150","115","85","65","45","35","25","8","0","0","0","0","0","0","0","0","0","0","0"
"WTT","YOU","U15","XD","WCDR16","150","75","40","20","8","0","0","0","0","0","0","0","0","0","0","0","0","0","0"
"WTT","YOU","U15","XD","WCDR32","150","90","55","30","20","8","0","0","0","0","0","0","0","0","0","0","0","0","0"
"WTT","YOU","U15","XD","WCDR64","150","105","75","50","35","25","8","0","0","0","0","0","0","0","0","0","0","0","0"
"WTT","YOU","U15","XD","WCDSF","150","45","8","0","0","0","0","0","0","0","0","0","0","0","0","0","0","0","0"
"WTT","YOU","U15","XD","WSC","360","250","125","65","35","10","0","0","0","0","0","0","0","0","0","0","0","0","0"
"WTT","YOU","U15","XD","WYC","625","440","220","110","55","15","0","0","0","0","0","0","0","0","0","0","0","0","0"
"WTT","YOU","U15","XDI","COC","100","70","36","18","8","0","0","0","0","0","0","0","0","0","0","0","0","0","0"
"WTT","YOU","U15","XDI","WCC","100","70","36","18","8","0","0","0","0","0","0","0","0","0","0","0","0","0","0"
"WTT","YOU","U15","XDI","WCDQF","150","60","25","8","0","0","0","0","0","0","0","0","0","0","0","0","0","0","0"
"WTT","YOU","U15","XDI","WCDR128","150","115","85","65","45","35","25","8","0","0","0","0","0","0","0","0","0","0","0"
"WTT","YOU","U15","XDI","WCDR16","150","75","40","20","8","0","0","0","0","0","0","0","0","0","0","0","0","0","0"
"WTT","YOU","U15","XDI","WCDR32","150","90","55","30","20","8","0","0","0","0","0","0","0","0","0","0","0","0","0"
"WTT","YOU","U15","XDI","WCDR64","150","105","75","50","35","25","8","0","0","0","0","0","0","0","0","0","0","0","0"
"WTT","YOU","U15","XDI","WCDSF","150","45","8","0","0","0","0","0","0","0","0","0","0","0","0","0","0","0","0"
"WTT","YOU","U15","XDI","WSC","360","250","125","65","35","10","0","0","0","0","0","0","0","0","0","0","0","0","0"
"WTT","YOU","U15","XDI","WYC","625","440","220","110","55","15","0","0","0","0","0","0","0","0","0","0","0","0","0"
"WTT","YOU","U17","MS","WCDQF","450","180","70","30","0","0","0","0","0","0","0","0","0","0","0","0","15","10","5"
"WTT","YOU","U17","MS","WCDR128","450","340","255","190","140","105","80","60","0","0","0","0","0","0","0","0","15","10","5"
"WTT","YOU","U17","MS","WCDR16","450","225","115","55","30","0","0","0","0","0","0","0","0","0","0","0","15","10","5"
"WTT","YOU","U17","MS","WCDR32","450","270","160","95","60","35","0","0","0","0","0","0","0","0","0","0","15","10","5"
"WTT","YOU","U17","MS","WCDR64","450","315","220","155","110","75","55","0","0","0","0","0","0","0","0","0","15","10","5"
"WTT","YOU","U17","MS","WCDSF","450","135","40","0","0","0","0","0","0","0","0","0","0","0","0","0","15","10","5"
"WTT","YOU","U17","WS","WCDQF","450","180","70","30","0","0","0","0","0","0","0","0","0","0","0","0","15","10","5"
"WTT","YOU","U17","WS","WCDR128","450","340","255","190","140","105","80","60","0","0","0","0","0","0","0","0","15","10","5"
"WTT","YOU","U17","WS","WCDR16","450","225","115","55","30","0","0","0","0","0","0","0","0","0","0","0","15","10","5"
"WTT","YOU","U17","WS","WCDR32","450","270","160","95","60","35","0","0","0","0","0","0","0","0","0","0","15","10","5"
"WTT","YOU","U17","WS","WCDR64","450","315","220","155","110","75","55","0","0","0","0","0","0","0","0","0","15","10","5"
"WTT","YOU","U17","WS","WCDSF","450","135","40","0","0","0","0","0","0","0","0","0","0","0","0","0","15","10","5"
"WTT","YOU","U19","MD","COC","650","455","230","115","55","0","0","0","0","0","0","0","0","0","0","0","0","0","0"
"WTT","YOU","U19","MD","WCC","650","455","230","115","55","0","0","0","0","0","0","0","0","0","0","0","0","0","0"
"WTT","YOU","U19","MD","WCDQF","1000","400","160","14","0","0","0","0","0","0","0","0","0","0","0","0","0","0","0"
"WTT","YOU","U19","MD","WCDR128","1000","750","565","420","315","235","180","14","0","0","0","0","0","0","0","0","0","0","0"
"WTT","YOU","U19","MD","WCDR16","1000","500","250","125","14","0","0","0","0","0","0","0","0","0","0","0","0","0","0"
"WTT","YOU","U19","MD","WCDR32","1000","600","360","215","130","14","0","0","0","0","0","0","0","0","0","0","0","0","0"
"WTT","YOU","U19","MD","WCDR64","1000","700","490","345","240","170","14","0","0","0","0","0","0","0","0","0","0","0","0"
"WTT","YOU","U19","MD","WCDSF","1000","300","14","0","0","0","0","0","0","0","0","0","0","0","0","0","0","0","0"
"WTT","YOU","U19","MD","WSC","2250","1575","945","565","40","0","0","0","0","0","0","0","0","0","0","0","0","0","0"
"WTT","YOU","U19","MD","WYC","4000","2800","1540","845","35","0","0","0","0","0","0","0","0","0","0","0","0","0","0"
"WTT","YOU","U19","MDI","COC","650","455","230","115","55","0","0","0","0","0","0","0","0","0","0","0","0","0","0"
"WTT","YOU","U19","MDI","WCC","650","455","230","115","55","0","0","0","0","0","0","0","0","0","0","0","0","0","0"
"WTT","YOU","U19","MDI","WCDQF","1000","400","160","14","0","0","0","0","0","0","0","0","0","0","0","0","0","0","0"
"WTT","YOU","U19","MDI","WCDR128","1000","750","565","420","315","235","180","14","0","0","0","0","0","0","0","0","0","0","0"
"WTT","YOU","U19","MDI","WCDR16","1000","500","250","125","14","0","0","0","0","0","0","0","0","0","0","0","0","0","0"
"WTT","YOU","U19","MDI","WCDR32","1000","600","360","215","130","14","0","0","0","0","0","0","0","0","0","0","0","0","0"
"WTT","YOU","U19","MDI","WCDR64","1000","700","490","345","240","170","14","0","0","0","0","0","0","0","0","0","0","0","0"
"WTT","YOU","U19","MDI","WCDSF","1000","300","14","0","0","0","0","0","0","0","0","0","0","0","0","0","0","0","0"
"WTT","YOU","U19","MDI","WSC","2250","1575","945","565","40","0","0","0","0","0","0","0","0","0","0","0","0","0","0"
"WTT","YOU","U19","MDI","WYC","4000","2800","1540","845","35","0","0","0","0","0","0","0","0","0","0","0","0","0","0"
"WTT","YOU","U19","MS","COC","650","455","230","115","55","0","0","0","0","0","0","0","0","0","0","0","0","0","0"
"WTT","YOU","U19","MS","IES","130","90","45","25","10","0","0","0","0","0","0","0","0","0","0","0","0","0","0"
"WTT","YOU","U19","MS","WCC","650","455","230","115","55","0","0","0","0","0","0","0","0","0","0","0","0","0","0"
"WTT","YOU","U19","MS","WCDQF","1000","400","160","65","0","0","0","0","0","0","0","0","0","0","0","0","15","10","5"
"WTT","YOU","U19","MS","WCDR128","1000","750","565","420","315","235","180","135","0","0","0","0","0","0","0","0","15","10","5"
"WTT","YOU","U19","MS","WCDR16","1000","500","250","125","65","0","0","0","0","0","0","0","0","0","0","0","15","10","5"
"WTT","YOU","U19","MS","WCDR32","1000","600","360","215","130","80","0","0","0","0","0","0","0","0","0","0","15","10","5"
"WTT","YOU","U19","MS","WCDR64","1000","600","360","215","130","80","0","0","0","0","0","0","0","0","0","0","15","10","5"
"WTT","YOU","U19","MS","WCDSF","1000","300","90","0","0","0","0","0","0","0","0","0","0","0","0","0","15","10","5"
"WTT","YOU","U19","MS","WSC","2250","1575","945","565","340","0","0","0","0","0","0","0","0","0","0","0","0","90","40"
"WTT","YOU","U19","MS","WYC","4000","2800","1540","845","465","35","0","0","0","0","0","0","0","0","0","0","0","0","0"
"WTT","YOU","U19","MS","YGS","4000","2800","1540","845","465","0","0","0","0","0","0","0","0","0","0","0","0","120","50"
"WTT","YOU","U19","MS","YIES","130","90","45","25","10","0","0","0","0","0","0","0","0","0","0","0","0","0","0"
"WTT","YOU","U19","WD","COC","650","455","230","115","55","0","0","0","0","0","0","0","0","0","0","0","0","0","0"
"WTT","YOU","U19","WD","WCC","650","455","230","115","55","0","0","0","0","0","0","0","0","0","0","0","0","0","0"
"WTT","YOU","U19","WD","WCDQF","1000","400","160","14","0","0","0","0","0","0","0","0","0","0","0","0","0","0","0"
"WTT","YOU","U19","WD","WCDR128","1000","750","565","420","315","235","180","14","0","0","0","0","0","0","0","0","0","0","0"
"WTT","YOU","U19","WD","WCDR16","1000","500","250","125","14","0","0","0","0","0","0","0","0","0","0","0","0","0","0"
"WTT","YOU","U19","WD","WCDR32","1000","600","360","215","130","14","0","0","0","0","0","0","0","0","0","0","0","0","0"
"WTT","YOU","U19","WD","WCDR64","1000","700","490","345","240","170","14","0","0","0","0","0","0","0","0","0","0","0","0"
"WTT","YOU","U19","WD","WCDSF","1000","300","14","0","0","0","0","0","0","0","0","0","0","0","0","0","0","0","0"
"WTT","YOU","U19","WD","WSC","2250","1575","945","565","40","0","0","0","0","0","0","0","0","0","0","0","0","0","0"
"WTT","YOU","U19","WD","WYC","4000","2800","1540","845","35","0","0","0","0","0","0","0","0","0","0","0","0","0","0"
"WTT","YOU","U19","WDI","COC","650","455","230","115","55","0","0","0","0","0","0","0","0","0","0","0","0","0","0"
"WTT","YOU","U19","WDI","WCC","650","455","230","115","55","0","0","0","0","0","0","0","0","0","0","0","0","0","0"
"WTT","YOU","U19","WDI","WCDQF","1000","400","160","14","0","0","0","0","0","0","0","0","0","0","0","0","0","0","0"
"WTT","YOU","U19","WDI","WCDR128","1000","750","565","420","315","235","180","14","0","0","0","0","0","0","0","0","0","0","0"
"WTT","YOU","U19","WDI","WCDR16","1000","500","250","125","14","0","0","0","0","0","0","0","0","0","0","0","0","0","0"
"WTT","YOU","U19","WDI","WCDR32","1000","600","360","215","130","14","0","0","0","0","0","0","0","0","0","0","0","0","0"
"WTT","YOU","U19","WDI","WCDR64","1000","700","490","345","240","170","14","0","0","0","0","0","0","0","0","0","0","0","0"
"WTT","YOU","U19","WDI","WCDSF","1000","300","14","0","0","0","0","0","0","0","0","0","0","0","0","0","0","0","0"
"WTT","YOU","U19","WDI","WSC","2250","1575","945","565","40","0","0","0","0","0","0","0","0","0","0","0","0","0","0"
"WTT","YOU","U19","WDI","WYC","4000","2800","1540","845","35","0","0","0","0","0","0","0","0","0","0","0","0","0","0"
"WTT","YOU","U19","WS","COC","650","455","230","115","55","0","0","0","0","0","0","0","0","0","0","0","0","0","0"
"WTT","YOU","U19","WS","IES","130","90","45","25","10","0","0","0","0","0","0","0","0","0","0","0","0","0","0"
"WTT","YOU","U19","WS","WCC","650","455","230","115","55","0","0","0","0","0","0","0","0","0","0","0","0","0","0"
"WTT","YOU","U19","WS","WCDQF","1000","400","160","65","0","0","0","0","0","0","0","0","0","0","0","0","15","10","5"
"WTT","YOU","U19","WS","WCDR128","1000","750","565","420","315","235","180","135","0","0","0","0","0","0","0","0","15","10","5"
"WTT","YOU","U19","WS","WCDR16","1000","500","250","125","65","0","0","0","0","0","0","0","0","0","0","0","15","10","5"
"WTT","YOU","U19","WS","WCDR32","1000","600","360","215","130","80","0","0","0","0","0","0","0","0","0","0","15","10","5"
"WTT","YOU","U19","WS","WCDR64","1000","600","360","215","130","80","0","0","0","0","0","0","0","0","0","0","15","10","5"
"WTT","YOU","U19","WS","WCDSF","1000","300","90","0","0","0","0","0","0","0","0","0","0","0","0","0","15","10","5"
"WTT","YOU","U19","WS","WSC","2250","1575","945","565","340","0","0","0","0","0","0","0","0","0","0","0","0","90","40"
"WTT","YOU","U19","WS","WYC","4000","2800","1540","845","465","35","0","0","0","0","0","0","0","0","0","0","0","0","0"
"WTT","YOU","U19","WS","YGS","4000","2800","1540","845","465","0","0","0","0","0","0","0","0","0","0","0","0","120","50"
"WTT","YOU","U19","WS","YIES","130","90","45","25","10","0","0","0","0","0","0","0","0","0","0","0","0","0","0"
"WTT","YOU","U19","XD","COC","650","455","230","115","55","0","0","0","0","0","0","0","0","0","0","0","0","0","0"
"WTT","YOU","U19","XD","WCC","650","455","230","115","55","0","0","0","0","0","0","0","0","0","0","0","0","0","0"
"WTT","YOU","U19","XD","WCDQF","1000","400","160","14","0","0","0","0","0","0","0","0","0","0","0","0","0","0","0"
"WTT","YOU","U19","XD","WCDR128","1000","750","565","420","315","235","180","14","0","0","0","0","0","0","0","0","0","0","0"
"WTT","YOU","U19","XD","WCDR16","1000","500","250","125","14","0","0","0","0","0","0","0","0","0","0","0","0","0","0"
"WTT","YOU","U19","XD","WCDR32","1000","600","360","215","130","14","0","0","0","0","0","0","0","0","0","0","0","0","0"
"WTT","YOU","U19","XD","WCDR64","1000","700","490","345","240","170","14","0","0","0","0","0","0","0","0","0","0","0","0"
"WTT","YOU","U19","XD","WCDSF","1000","300","14","0","0","0","0","0","0","0","0","0","0","0","0","0","0","0","0"
"WTT","YOU","U19","XD","WSC","2250","1575","945","565","340","40","0","0","0","0","0","0","0","0","0","0","0","0","0"
"WTT","YOU","U19","XD","WYC","4000","2800","1540","845","465","35","0","0","0","0","0","0","0","0","0","0","0","0","0"
"WTT","YOU","U19","XDI","COC","650","455","230","115","55","0","0","0","0","0","0","0","0","0","0","0","0","0","0"
"WTT","YOU","U19","XDI","WCC","650","455","230","115","55","0","0","0","0","0","0","0","0","0","0","0","0","0","0"
"WTT","YOU","U19","XDI","WCDQF","1000","400","160","14","0","0","0","0","0","0","0","0","0","0","0","0","0","0","0"
"WTT","YOU","U19","XDI","WCDR128","1000","750","565","420","315","235","180","14","0","0","0","0","0","0","0","0","0","0","0"
"WTT","YOU","U19","XDI","WCDR16","1000","500","250","125","14","0","0","0","0","0","0","0","0","0","0","0","0","0","0"
"WTT","YOU","U19","XDI","WCDR32","1000","600","360","215","130","14","0","0","0","0","0","0","0","0","0","0","0","0","0"
"WTT","YOU","U19","XDI","WCDR64","1000","700","490","345","240","170","14","0","0","0","0","0","0","0","0","0","0","0","0"
"WTT","YOU","U19","XDI","WCDSF","1000","300","14","0","0","0","0","0","0","0","0","0","0","0","0","0","0","0","0"
"WTT","YOU","U19","XDI","WSC","2250","1575","945","565","340","40","0","0","0","0","0","0","0","0","0","0","0","0","0"
"WTT","YOU","U19","XDI","WYC","4000","2800","1540","845","465","35","0","0","0","0","0","0","0","0","0","0","0","0","0"
